{"cameraMode":{"drawMode":0,"name":"Shaded","section":"Shading Mode"},"sceneLighting":false,"audioPlay":false,"sceneViewState":{"m_AlwaysRefresh":false,"showFog":true,"showSkybox":false,"showFlares":true,"showImageEffects":true,"showParticleSystems":true,"showVisualEffectGraphs":true,"m_FxEnabled":true},"in2DMode":false,"pivot":{"x":209.47335815429688,"y":0.7799726724624634,"z":335.26275634765627},"rotation":{"x":-0.15387123823165894,"y":-0.4576857089996338,"z":0.08066710084676743,"w":-0.8720459342002869},"size":1.579465389251709,"orthographic":false}