{"cameraMode":{"drawMode":0,"name":"Shaded","section":"Shading Mode"},"sceneLighting":true,"audioPlay":false,"sceneViewState":{"m_AlwaysRefresh":false,"showFog":true,"showSkybox":false,"showFlares":true,"showImageEffects":true,"showParticleSystems":true,"showVisualEffectGraphs":true,"m_FxEnabled":true},"in2DMode":false,"pivot":{"x":-3.5965280532836916,"y":2.476945638656616,"z":-25.433225631713868},"rotation":{"x":0.16971933841705323,"y":0.23228470981121064,"z":-0.038780923932790759,"w":0.9572951793670654},"size":1.2681937217712403,"orthographic":false}