{"cameraMode":{"drawMode":0,"name":"Shaded","section":"Shading Mode"},"sceneLighting":true,"audioPlay":false,"sceneViewState":{"m_AlwaysRefresh":false,"showFog":true,"showSkybox":true,"showFlares":true,"showImageEffects":true,"showParticleSystems":true,"showVisualEffectGraphs":true,"m_FxEnabled":true},"in2DMode":false,"pivot":{"x":280.8780517578125,"y":0.10657358169555664,"z":109.76734161376953},"rotation":{"x":0.16703781485557557,"y":0.7121696472167969,"z":-0.17458631098270417,"w":0.6597235798835754},"size":3.739023208618164,"orthographic":false}