{"cameraMode":{"drawMode":0,"name":"Shaded","section":"Shading Mode"},"sceneLighting":true,"audioPlay":false,"sceneViewState":{"m_AlwaysRefresh":false,"showFog":true,"showSkybox":true,"showFlares":true,"showImageEffects":true,"showParticleSystems":true,"showVisualEffectGraphs":true,"m_FxEnabled":true},"in2DMode":false,"pivot":{"x":25.130563735961915,"y":0.6981716156005859,"z":17.043724060058595},"rotation":{"x":-0.48241162300109866,"y":0.0182371623814106,"z":-0.014076167717576027,"w":-0.8760981559753418},"size":13.6417875289917,"orthographic":false}