{"cameraMode":{"drawMode":0,"name":"Shaded","section":"Shading Mode"},"sceneLighting":false,"audioPlay":false,"sceneViewState":{"m_AlwaysRefresh":false,"showFog":true,"showSkybox":false,"showFlares":true,"showImageEffects":true,"showParticleSystems":true,"showVisualEffectGraphs":true,"m_FxEnabled":true},"in2DMode":false,"pivot":{"x":-0.637013852596283,"y":-1.2306270599365235,"z":5.728668689727783},"rotation":{"x":-0.1796262413263321,"y":0.014439853839576245,"z":-0.0026497775688767435,"w":-0.9837197661399841},"size":4.302658557891846,"orthographic":false}