{"cameraMode":{"drawMode":0,"name":"Shaded","section":"Shading Mode"},"sceneLighting":false,"audioPlay":false,"sceneViewState":{"m_AlwaysRefresh":false,"showFog":true,"showSkybox":false,"showFlares":true,"showImageEffects":true,"showParticleSystems":true,"showVisualEffectGraphs":true,"m_FxEnabled":true},"in2DMode":false,"pivot":{"x":-0.2898816466331482,"y":0.12113167345523834,"z":-0.5610020160675049},"rotation":{"x":-0.09198637306690216,"y":-0.6402211785316467,"z":0.0775720551609993,"w":-0.7588298320770264},"size":0.9840554594993591,"orthographic":false}