{"cameraMode":{"drawMode":0,"name":"Shaded","section":"Shading Mode"},"sceneLighting":false,"audioPlay":false,"sceneViewState":{"m_AlwaysRefresh":false,"showFog":true,"showSkybox":false,"showFlares":true,"showImageEffects":true,"showParticleSystems":true,"showVisualEffectGraphs":true,"m_FxEnabled":true},"in2DMode":false,"pivot":{"x":208.444091796875,"y":1.3729240894317628,"z":335.3734130859375},"rotation":{"x":-0.1987113207578659,"y":-0.03211230784654617,"z":0.0062006814405322079,"w":-0.9796634912490845},"size":0.37946540117263796,"orthographic":false}